g,q
Searches,World Cup
Searches,Hurricane Florence
Searches,Mac Miller
Searches,Kate Spade
Searches,Anthony Bourdain
Searches,Black Panther
Searches,Mega Millions Results
Searches,Stan Lee
Searches,Demi Lovato
Searches, Election Results
News,World Cup
News,Hurricane Florence
News,Mega Millions
News,Election Results
News,Hurricane Michael
News,Kavanaugh Confirmation
News,Florida Shooting
News,Royal Wedding
News,Olympic Medal Count
News, Government Shutdown
People,Demi Lovato
People,Meghan Markle
People,Brett Kavanaugh
People,Logan Paul
People,Khloé Kardashian
People,Eminem
People,Urban Meyer
People,Ariana Grande
People,Rick Ross
People, Cardi B
Actors,Logan Paul
Actors,Bill Cosby
Actors,Sylvester Stallone
Actors,Pete Davidson
Actors,Michael B. Jordan
Actors,Allison Mack
Actors,Noah Centineo
Actors,Bradley Cooper
Actors,Roseanne Barr
Actors, Chadwick Boseman
Athletes,Tristan Thompson
Athletes,Shaun White
Athletes,Lindsey Vonn
Athletes,Le'Veon Bell
Athletes,Kawhi Leonard
Athletes,Dez Bryant
Athletes,Nick Foles
Athletes,Chloe Kim
Athletes,Naomi Osaka
Athletes, Johnny Weir
Beauty Questions,How to apply magnetic lashes
Beauty Questions,What is a lash lift
Beauty Questions,How to remove individual eyelashes
Beauty Questions,What hair color looks best on me
Beauty Questions,How to do cat eye
Beauty Questions,How to take off makeup without makeup wipes
Beauty Questions,How to apply aloe vera on face
Beauty Questions,How to glue down eyebrows
Beauty Questions,How to fix cakey makeup
Beauty Questions, What color concealer to use
Diet,Keto diet
Diet,Dubrow diet
Diet,Noom diet
Diet,Carnivore diet
Diet,Mediterranean diet
Diet,Optavia diet
Diet,Dr. Gundry diet
Diet,Fasting diet
Diet,Fodmap diet
Diet, The Shepherd's Diet
Fashion Brands,Fashion Nova
Fashion Brands,Louis Vuitton
Fashion Brands,Versace
Fashion Brands,Givenchy
Fashion Brands,Gucci
Fashion Brands,Alexander McQueen
Fashion Brands,Dolce & Gabbana
Fashion Brands,Fashionphile
Fashion Brands,Dior
Fashion Brands, Moschino
Fashion Searches,1980s fashion
Fashion Searches,Grunge style
Fashion Searches,1990s fashion
Fashion Searches,2000s fashion
Fashion Searches,Meghan Markle
Fashion Searches,Men's Fashion
Fashion Searches,Harajuku fashion
Fashion Searches,Hipster style
Fashion Searches,Kate Middleton
Fashion Searches, 80s mens fashion
Food,Unicorn cake
Food,Romaine lettuce
Food,CBD gummies
Food,Keto pancakes
Food,Keto cheesecake
Food,Necco Wafers
Food,Keto cookies
Food,Keto chili
Food,Keto brownies
Food, Gochujang
GIFs,Fortnite GIF
GIFs,Default Dance GIF
GIFs,Dilly Dilly GIF
GIFs,Orange Justice GIF
GIFs,Black Panther GIF
GIFs,Cat Curling GIF
GIFs,Ugandan Knuckles GIF
GIFs,Draymond Green GIF
GIFs,Cardi B GIF
GIFs, Floss Dance GIF
How to,How to vote
How to,How to register to vote
How to,How to play Mega Millions
How to,How to buy Ripple
How to,How to turn off automatic updates
How to,How to get the old Snapchat back
How to,How to play Powerball
How to,How to buy Bitcoin
How to,How to screen record
How to, How to get Boogie Down emote
Loss,Mac Miller
Loss,Kate Spade
Loss,Anthony Bourdain
Loss,Stan Lee
Loss,Aretha Franklin
Loss,XXXTentacion
Loss,Mollie Tibbetts
Loss,Avicii
Loss,Burt Reynolds
Loss, John McCain
Movies,Black Panther
Movies,Incredibles 2
Movies,Deadpool 2
Movies,Avengers: Infinity War
Movies,A Quiet Place
Movies,A Star Is Born
Movies,Bohemian Rhapsody
Movies,Venom
Movies,Hereditary
Movies, The Nun
Musicians and Bands,Demi Lovato
Musicians and Bands,Eminem
Musicians and Bands,Ariana Grande
Musicians and Bands,Rick Ross
Musicians and Bands,Cardi B
Musicians and Bands,Travis Scott
Musicians and Bands,Childish Gambino
Musicians and Bands,Machine Gun Kelly
Musicians and Bands,Meek Mill
Musicians and Bands, Queen
Politicians,Stacey Abrams
Politicians,Beto O'Rourke
Politicians,Ted Cruz
Politicians,Andrew Gillum
Politicians,Alexandria Ocasio-Cortez
Politicians,Nikki Haley
Politicians,Lindsey Graham
Politicians,Kyrsten Sinema
Politicians,Nancy Pelosi
Politicians, Susan Collins
Professional Sports Teams,Cleveland Cavaliers
Professional Sports Teams,Boston Red Sox
Professional Sports Teams,Philadelphia Eagles
Professional Sports Teams,New York Yankees
Professional Sports Teams,Los Angeles Dodgers
Professional Sports Teams,Los Angeles Lakers
Professional Sports Teams,Boston Celtics
Professional Sports Teams,Cleveland Browns
Professional Sports Teams,Chicago Bears
Professional Sports Teams, Milwaukee Brewers
Songs,Bohemian Rhapsody
Songs,This Is America
Songs,Baby Shark
Songs,God's Plan
Songs,Killshot
Songs,In My Feelings
Songs,Electric Slide
Songs,"thank u, next"
Songs,Mo Bamba
Songs, Lucid Dreams
TV Shows,Roseanne
TV Shows,Altered Carbon
TV Shows,The Haunting of Hill House
TV Shows,American Idol
TV Shows,Lost in Space
TV Shows,Corbra Kai
TV Shows,Castle Rock
TV Shows,Westworld
TV Shows,Insatiable
TV Shows, On My Block
Weddings,Royal Wedding
Weddings,Priyanka Chopra Wedding
Weddings,Princess Eugenie Wedding
Weddings,Kat Von D Wedding
Weddings,Deepika Padukone Wedding
Weddings,Joe Scarborough and Mika Wedding
Weddings,Kit Harington Wedding
Weddings,Jordan Spieth Wedding
Weddings,Emily Ratajkowski wedding
Weddings, Kane Brown Wedding
What is...?,What is Bitcoin
What is...?,What is racketeering
What is...?,What is DACA
What is...?,What is a government shutdown
What is...?,What is Good Friday
What is...?,What is Prince Harry's last name
What is...?,What is Fortnite
What is...?,What is a duck boat
What is...?,What is a Yanny Laurel
What is...?, What is a nationalist
Where is...?,Where is Villanova University
Where is...?,Where is Croatia
Where is...?,Where is Parkland Florida
Where is...?,Where is Hurricane Florence
Where is...?,Where is Hurricane Michael
Where is...?,Where is my polling place
Where is...?,Where is Pyeongchang
Where is...?,Where is Amazon based
Where is...?,Where is Paradise California
Where is...?, Where is Prince from
Who...?,Who won Mega Millions
Who...?,Who dies in Infinity War
Who...?,Who won McGregor vs Khabib
Who...?,Who won Logan or KSI
Who...?,Who killed XXXTentacion
Who...?,Who won the election
Who...?,Who bit Beyoncé
Who...?,Who is Lil Tay
Who...?,Who does Arie end up with
Who...?, Who is Marshmello
World Cup Teams,Mexico National Football Team
World Cup Teams,Brazil National Football Team
World Cup Teams,Germany National Football Team
World Cup Teams,Argentina National Football Team
World Cup Teams,Croatia National Football Team
World Cup Teams,England National Football Team
World Cup Teams,Belgium National Football Team
World Cup Teams,Russia National Football Team
World Cup Teams,France National Football Team
World Cup Teams, Portugal National Football Team
Cómo... ?,Cómo bajar la presion alta
Cómo... ?,Cómo decorar una sala
Cómo... ?,Cómo aprender ingles rapido
Cómo... ?,Cómo recuperar mi cuenta de Facebook
Cómo... ?,Cómo se si gane algo en Mega Millions
Cómo... ?,Cómo hacer slime
Cómo... ?,Cómo marcar privado
Cómo... ?,Cómo eliminar las cucarachas
Cómo... ?,Cómo decorar un pavo de papel
Cómo... ?, Cómo hacer papel picado
Dónde...?,Dónde votar
Dónde...?,Dónde sera el mundial 2022
Dónde...?,Dónde esta la leche
Dónde...?,Dónde esta mi reembolso irs
Dónde...?,Dónde esta mi telefono
Dónde...?,Dónde queda qatar
Dónde...?,Dónde sera el mundial 2026
Dónde...?,Dónde esta Croacia en el mapa
Dónde...?,Dónde esta la caravana de migrantes
Dónde...?, Dónde nacio Luis Miguel
Qué es...?,Qué es el movimiento naranja
Qué es...?,Qué els clenbuterol
Qué es...?,Qué es la cuaresma
Qué es...?,Qué es badabun
Qué es...?,Qué es heterosexual
Qué es...?,Qué es Bitcoin
Qué es...?,Qué es el Ramadan
Qué es...?,Qué es el gluten
Qué es...?,Qué es momo
Qué es...?, Qué es el TPS
Recetas,Capirotada receta
Recetas,Receta de chocoflan
Recetas,Chimichurri receta
Recetas,Coctel de camaron receta
Recetas,Lentejas receta
Recetas,Coquito receta
Recetas,Caldo de pollo receta
Recetas,Receta de champurrado
Recetas,Receta de camarones
Recetas, Aguachiles receta
Canciones,Te Bote Remix
Canciones,Aerolinea Carrillo
Canciones,A Traves del Vaso
Canciones,Amor Foda
Canciones,Rolling One
Canciones,El Color de Tus Ojos
Canciones,Radicamos en South Central
Canciones,Culpables
Canciones,18 Libras
Canciones, Fire Up
Video Games,Fortnite
Video Games,Red Dead Redemption 2
Video Games,Fallout 76
Video Games,Far Cry 5
Video Games,God of War
Video Games,Monster Hunter: World
Video Games,Sea of Thieves
Video Games,Call of Duty: Black Ops 4
Video Games,Kingdom Come: Deliverance
Video Games, Zombs Royale
